breakout_window,atr_buffer,atr_stop_multiple,trend_ema_period,volume_spike_multiplier,final_equity,total_return_pct,max_drawdown_pct,total_trades,win_rate_pct
40,0.4,1.0,60,2.5,28963.93,189.64,22.72,65,49.23
40,0.4,1.0,60,3.0,38149.53,281.50,22.72,70,51.43
40,0.4,1.0,60,3.5,35276.06,252.76,21.62,79,48.10
40,0.4,1.0,80,2.5,28963.93,189.64,22.72,65,49.23
40,0.4,1.0,80,3.0,38149.53,281.50,22.72,70,51.43
40,0.4,1.0,80,3.5,35276.06,252.76,21.62,79,48.10
40,0.4,1.0,100,2.5,29541.72,195.42,22.72,65,49.23
40,0.4,1.0,100,3.0,38910.55,289.11,22.72,70,51.43
40,0.4,1.0,100,3.5,37248.07,272.48,21.62,78,48.72
40,0.4,1.2,60,2.5,23912.76,139.13,29.13,62,43.55
40,0.4,1.2,60,3.0,31048.40,210.48,29.13,67,46.27
40,0.4,1.2,60,3.5,30117.50,201.17,31.50,75,45.33
40,0.4,1.2,80,2.5,24479.00,144.79,29.13,62,43.55
40,0.4,1.2,80,3.0,31783.61,217.84,29.13,67,46.27
40,0.4,1.2,80,3.5,30830.66,208.31,31.50,75,45.33
40,0.4,1.2,100,2.5,24967.32,149.67,29.13,62,43.55
40,0.4,1.2,100,3.0,32417.64,224.18,29.13,67,46.27
40,0.4,1.2,100,3.5,32554.17,225.54,31.50,74,45.95
40,0.4,1.5,60,2.5,24681.88,146.82,33.19,58,39.66
40,0.4,1.5,60,3.0,33665.17,236.65,33.19,62,41.94
40,0.4,1.5,60,3.5,31369.21,213.69,35.42,70,41.43
40,0.4,1.5,80,2.5,25351.61,153.52,32.96,58,39.66
40,0.4,1.5,80,3.0,34578.67,245.79,32.96,62,41.94
40,0.4,1.5,80,3.5,32220.41,222.20,35.20,70,41.43
40,0.4,1.5,100,2.5,25857.34,158.57,32.96,58,39.66
40,0.4,1.5,100,3.0,35268.45,252.68,32.96,62,41.94
40,0.4,1.5,100,3.5,34021.60,240.22,35.20,69,42.03
40,0.5,1.0,60,2.5,29925.76,199.26,12.12,56,53.57
40,0.5,1.0,60,3.0,43787.91,337.88,12.12,59,57.63
40,0.5,1.0,60,3.5,41565.41,315.65,16.12,66,54.55
40,0.5,1.0,80,2.5,29925.76,199.26,12.12,56,53.57
40,0.5,1.0,80,3.0,43787.91,337.88,12.12,59,57.63
40,0.5,1.0,80,3.5,41565.41,315.65,16.12,66,54.55
40,0.5,1.0,100,2.5,30522.74,205.23,12.12,56,53.57
40,0.5,1.0,100,3.0,44661.41,346.61,12.12,59,57.63
40,0.5,1.0,100,3.5,42394.57,323.95,16.12,66,54.55
40,0.5,1.2,60,2.5,24353.89,143.54,18.60,53,45.28
40,0.5,1.2,60,3.0,35128.14,251.28,18.60,56,50.00
40,0.5,1.2,60,3.5,34955.99,249.56,22.60,62,48.39
40,0.5,1.2,80,2.5,24930.58,149.31,18.60,53,45.28
40,0.5,1.2,80,3.0,35959.96,259.60,18.60,56,50.00
40,0.5,1.2,80,3.5,35783.73,257.84,22.60,62,48.39
40,0.5,1.2,100,2.5,25427.91,154.28,18.60,53,45.28
40,0.5,1.2,100,3.0,36677.30,266.77,18.60,56,50.00
40,0.5,1.2,100,3.5,36497.56,264.98,22.60,62,48.39
40,0.5,1.5,60,2.5,26071.42,160.71,20.05,50,40.00
40,0.5,1.5,60,3.0,37666.53,276.67,20.05,53,43.40
40,0.5,1.5,60,3.5,36005.19,260.05,23.98,59,42.37
40,0.5,1.5,80,2.5,26778.86,167.79,19.78,50,40.00
40,0.5,1.5,80,3.0,38688.60,286.89,19.78,53,43.40
40,0.5,1.5,80,3.5,36982.19,269.82,23.72,59,42.37
40,0.5,1.5,100,2.5,27313.06,173.13,19.78,50,40.00
40,0.5,1.5,100,3.0,39460.38,294.60,19.78,53,43.40
40,0.5,1.5,100,3.5,37719.92,277.20,23.72,59,42.37
40,0.6,1.0,60,2.5,30263.76,202.64,11.61,49,55.10
40,0.6,1.0,60,3.0,44282.48,342.82,11.61,52,59.62
40,0.6,1.0,60,3.5,40843.73,308.44,16.12,59,55.93
40,0.6,1.0,80,2.5,30263.76,202.64,11.61,49,55.10
40,0.6,1.0,80,3.0,44282.48,342.82,11.61,52,59.62
40,0.6,1.0,80,3.5,40843.73,308.44,16.12,59,55.93
40,0.6,1.0,100,2.5,30263.76,202.64,11.61,49,55.10
40,0.6,1.0,100,3.0,44282.48,342.82,11.61,52,59.62
40,0.6,1.0,100,3.5,40843.73,308.44,16.12,59,55.93
40,0.6,1.2,60,2.5,25532.37,155.32,19.00,46,43.48
40,0.6,1.2,60,3.0,36827.98,268.28,19.00,49,48.98
40,0.6,1.2,60,3.5,35609.02,256.09,21.71,55,47.27
40,0.6,1.2,80,2.5,25532.37,155.32,19.00,46,43.48
40,0.6,1.2,80,3.0,36827.98,268.28,19.00,49,48.98
40,0.6,1.2,80,3.5,35609.02,256.09,21.71,55,47.27
40,0.6,1.2,100,2.5,25532.37,155.32,19.00,46,43.48
40,0.6,1.2,100,3.0,36827.98,268.28,19.00,49,48.98
40,0.6,1.2,100,3.5,35609.02,256.09,21.71,55,47.27
40,0.6,1.5,60,2.5,26849.85,168.50,20.17,44,36.36
40,0.6,1.5,60,3.0,38791.16,287.91,20.17,47,40.43
40,0.6,1.5,60,3.5,36029.48,260.29,22.84,53,39.62
40,0.6,1.5,80,2.5,26849.85,168.50,20.17,44,36.36
40,0.6,1.5,80,3.0,38791.16,287.91,20.17,47,40.43
40,0.6,1.5,80,3.5,36029.48,260.29,22.84,53,39.62
40,0.6,1.5,100,2.5,26849.85,168.50,20.17,44,36.36
40,0.6,1.5,100,3.0,38791.16,287.91,20.17,47,40.43
40,0.6,1.5,100,3.5,36029.48,260.29,22.84,53,39.62
60,0.4,1.0,60,2.5,25030.52,150.31,15.54,50,50.00
60,0.4,1.0,60,3.0,33098.30,230.98,15.54,54,53.70
60,0.4,1.0,60,3.5,33143.44,231.43,14.33,62,50.00
60,0.4,1.0,80,2.5,25030.52,150.31,15.54,50,50.00
60,0.4,1.0,80,3.0,33098.30,230.98,15.54,54,53.70
60,0.4,1.0,80,3.5,33143.44,231.43,14.33,62,50.00
60,0.4,1.0,100,2.5,25030.52,150.31,15.54,50,50.00
60,0.4,1.0,100,3.0,33098.30,230.98,15.54,54,53.70
60,0.4,1.0,100,3.5,33143.44,231.43,14.33,62,50.00
60,0.4,1.2,60,2.5,22784.59,127.85,18.86,47,40.43
60,0.4,1.2,60,3.0,29686.12,196.86,18.81,51,45.10
60,0.4,1.2,60,3.5,28730.63,187.31,21.82,59,42.37
60,0.4,1.2,80,2.5,22784.59,127.85,18.86,47,40.43
60,0.4,1.2,80,3.0,29686.12,196.86,18.81,51,45.10
60,0.4,1.2,80,3.5,28730.63,187.31,21.82,59,42.37
60,0.4,1.2,100,2.5,22784.59,127.85,18.86,47,40.43
60,0.4,1.2,100,3.0,29686.12,196.86,18.81,51,45.10
60,0.4,1.2,100,3.5,28730.63,187.31,21.82,59,42.37
60,0.4,1.5,60,2.5,25483.85,154.84,23.20,44,36.36
60,0.4,1.5,60,3.0,33234.37,232.34,23.20,48,39.58
60,0.4,1.5,60,3.5,29071.16,190.71,25.77,56,37.50
60,0.4,1.5,80,2.5,25483.85,154.84,23.20,44,36.36
60,0.4,1.5,80,3.0,33234.37,232.34,23.20,48,39.58
60,0.4,1.5,80,3.5,29071.16,190.71,25.77,56,37.50
60,0.4,1.5,100,2.5,25483.85,154.84,23.20,44,36.36
60,0.4,1.5,100,3.0,33234.37,232.34,23.20,48,39.58
60,0.4,1.5,100,3.5,29071.16,190.71,25.77,56,37.50
60,0.5,1.0,60,2.5,28016.04,180.16,13.32,43,55.81
60,0.5,1.0,60,3.0,39240.18,292.40,8.58,46,60.87
60,0.5,1.0,60,3.5,38964.06,289.64,13.67,53,56.60
60,0.5,1.0,80,2.5,28016.04,180.16,13.32,43,55.81
60,0.5,1.0,80,3.0,39240.18,292.40,8.58,46,60.87
60,0.5,1.0,80,3.5,38964.06,289.64,13.67,53,56.60
60,0.5,1.0,100,2.5,28016.04,180.16,13.32,43,55.81
60,0.5,1.0,100,3.0,39240.18,292.40,8.58,46,60.87
60,0.5,1.0,100,3.5,38964.06,289.64,13.67,53,56.60
60,0.5,1.2,60,2.5,25243.99,152.44,18.26,40,45.00
60,0.5,1.2,60,3.0,34838.43,248.38,13.61,43,51.16
60,0.5,1.2,60,3.5,33411.16,234.11,17.68,50,46.00
60,0.5,1.2,80,2.5,25243.99,152.44,18.26,40,45.00
60,0.5,1.2,80,3.0,34838.43,248.38,13.61,43,51.16
60,0.5,1.2,80,3.5,33411.16,234.11,17.68,50,46.00
60,0.5,1.2,100,2.5,25243.99,152.44,18.26,40,45.00
60,0.5,1.2,100,3.0,34838.43,248.38,13.61,43,51.16
60,0.5,1.2,100,3.5,33411.16,234.11,17.68,50,46.00
60,0.5,1.5,60,2.5,28306.37,183.06,16.15,38,39.47
60,0.5,1.5,60,3.0,39101.62,291.02,10.53,41,43.90
60,0.5,1.5,60,3.5,33893.07,238.93,18.37,48,39.58
60,0.5,1.5,80,2.5,28306.37,183.06,16.15,38,39.47
60,0.5,1.5,80,3.0,39101.62,291.02,10.53,41,43.90
60,0.5,1.5,80,3.5,33893.07,238.93,18.37,48,39.58
60,0.5,1.5,100,2.5,28306.37,183.06,16.15,38,39.47
60,0.5,1.5,100,3.0,39101.62,291.02,10.53,41,43.90
60,0.5,1.5,100,3.5,33893.07,238.93,18.37,48,39.58
60,0.6,1.0,60,2.5,31170.33,211.70,13.32,40,60.00
60,0.6,1.0,60,3.0,43658.18,336.58,7.34,43,65.12
60,0.6,1.0,60,3.5,42122.54,321.23,9.61,50,60.00
60,0.6,1.0,80,2.5,31170.33,211.70,13.32,40,60.00
60,0.6,1.0,80,3.0,43658.18,336.58,7.34,43,65.12
60,0.6,1.0,80,3.5,42122.54,321.23,9.61,50,60.00
60,0.6,1.0,100,2.5,31170.33,211.70,13.32,40,60.00
60,0.6,1.0,100,3.0,43658.18,336.58,7.34,43,65.12
60,0.6,1.0,100,3.5,42122.54,321.23,9.61,50,60.00
60,0.6,1.2,60,2.5,28076.22,180.76,15.90,37,45.95
60,0.6,1.2,60,3.0,38747.10,287.47,15.50,40,52.50
60,0.6,1.2,60,3.5,36106.71,261.07,19.43,47,46.81
60,0.6,1.2,80,2.5,28076.22,180.76,15.90,37,45.95
60,0.6,1.2,80,3.0,38747.10,287.47,15.50,40,52.50
60,0.6,1.2,80,3.5,36106.71,261.07,19.43,47,46.81
60,0.6,1.2,100,2.5,28076.22,180.76,15.90,37,45.95
60,0.6,1.2,100,3.0,38747.10,287.47,15.50,40,52.50
60,0.6,1.2,100,3.5,36106.71,261.07,19.43,47,46.81
60,0.6,1.5,60,2.5,30672.80,206.73,16.15,35,40.00
60,0.6,1.5,60,3.0,42370.54,323.71,8.20,38,44.74
60,0.6,1.5,60,3.5,35685.84,256.86,18.39,45,40.00
60,0.6,1.5,80,2.5,30672.80,206.73,16.15,35,40.00
60,0.6,1.5,80,3.0,42370.54,323.71,8.20,38,44.74
60,0.6,1.5,80,3.5,35685.84,256.86,18.39,45,40.00
60,0.6,1.5,100,2.5,30672.80,206.73,16.15,35,40.00
60,0.6,1.5,100,3.0,42370.54,323.71,8.20,38,44.74
60,0.6,1.5,100,3.5,35685.84,256.86,18.39,45,40.00
80,0.4,1.0,60,2.5,21578.92,115.79,19.15,45,46.67
80,0.4,1.0,60,3.0,24223.56,142.24,20.07,49,48.98
80,0.4,1.0,60,3.5,24256.60,142.57,22.73,57,45.61
80,0.4,1.0,80,2.5,21578.92,115.79,19.15,45,46.67
80,0.4,1.0,80,3.0,24223.56,142.24,20.07,49,48.98
80,0.4,1.0,80,3.5,24256.60,142.57,22.73,57,45.61
80,0.4,1.0,100,2.5,21578.92,115.79,19.15,45,46.67
80,0.4,1.0,100,3.0,24223.56,142.24,20.07,49,48.98
80,0.4,1.0,100,3.5,24256.60,142.57,22.73,57,45.61
80,0.4,1.2,60,2.5,20115.32,101.15,21.19,42,38.10
80,0.4,1.2,60,3.0,22201.19,122.01,22.55,46,41.30
80,0.4,1.2,60,3.5,21486.61,114.87,27.06,54,38.89
80,0.4,1.2,80,2.5,20115.32,101.15,21.19,42,38.10
80,0.4,1.2,80,3.0,22201.19,122.01,22.55,46,41.30
80,0.4,1.2,80,3.5,21486.61,114.87,27.06,54,38.89
80,0.4,1.2,100,2.5,20115.32,101.15,21.19,42,38.10
80,0.4,1.2,100,3.0,22201.19,122.01,22.55,46,41.30
80,0.4,1.2,100,3.5,21486.61,114.87,27.06,54,38.89
80,0.4,1.5,60,2.5,22998.50,129.98,25.47,39,35.90
80,0.4,1.5,60,3.0,25407.31,154.07,25.47,43,37.21
80,0.4,1.5,60,3.5,22224.58,122.25,27.96,51,35.29
80,0.4,1.5,80,2.5,22998.50,129.98,25.47,39,35.90
80,0.4,1.5,80,3.0,25407.31,154.07,25.47,43,37.21
80,0.4,1.5,80,3.5,22224.58,122.25,27.96,51,35.29
80,0.4,1.5,100,2.5,22998.50,129.98,25.47,39,35.90
80,0.4,1.5,100,3.0,25407.31,154.07,25.47,43,37.21
80,0.4,1.5,100,3.5,22224.58,122.25,27.96,51,35.29
80,0.5,1.0,60,2.5,26330.26,163.30,13.45,38,52.63
80,0.5,1.0,60,3.0,31307.74,213.08,14.44,41,56.10
80,0.5,1.0,60,3.5,31087.44,210.87,19.20,48,52.08
80,0.5,1.0,80,2.5,26330.26,163.30,13.45,38,52.63
80,0.5,1.0,80,3.0,31307.74,213.08,14.44,41,56.10
80,0.5,1.0,80,3.5,31087.44,210.87,19.20,48,52.08
80,0.5,1.0,100,2.5,26330.26,163.30,13.45,38,52.63
80,0.5,1.0,100,3.0,31307.74,213.08,14.44,41,56.10
80,0.5,1.0,100,3.5,31087.44,210.87,19.20,48,52.08
80,0.5,1.2,60,2.5,24626.32,146.26,15.90,35,42.86
80,0.5,1.2,60,3.0,28789.69,187.90,17.21,38,47.37
80,0.5,1.2,60,3.5,27610.22,176.10,22.95,45,42.22
80,0.5,1.2,80,2.5,24626.32,146.26,15.90,35,42.86
80,0.5,1.2,80,3.0,28789.69,187.90,17.21,38,47.37
80,0.5,1.2,80,3.5,27610.22,176.10,22.95,45,42.22
80,0.5,1.2,100,2.5,24626.32,146.26,15.90,35,42.86
80,0.5,1.2,100,3.0,28789.69,187.90,17.21,38,47.37
80,0.5,1.2,100,3.5,27610.22,176.10,22.95,45,42.22
80,0.5,1.5,60,2.5,28437.91,184.38,16.15,33,39.39
80,0.5,1.5,60,3.0,33277.08,232.77,16.26,36,41.67
80,0.5,1.5,60,3.5,28844.39,188.44,22.07,43,37.21
80,0.5,1.5,80,2.5,28437.91,184.38,16.15,33,39.39
80,0.5,1.5,80,3.0,33277.08,232.77,16.26,36,41.67
80,0.5,1.5,80,3.5,28844.39,188.44,22.07,43,37.21
80,0.5,1.5,100,2.5,28437.91,184.38,16.15,33,39.39
80,0.5,1.5,100,3.0,33277.08,232.77,16.26,36,41.67
80,0.5,1.5,100,3.5,28844.39,188.44,22.07,43,37.21
80,0.6,1.0,60,2.5,28290.43,182.90,16.30,35,57.14
80,0.6,1.0,60,3.0,33638.45,236.38,16.30,38,60.53
80,0.6,1.0,60,3.5,33573.58,235.74,16.30,44,56.82
80,0.6,1.0,80,2.5,28290.43,182.90,16.30,35,57.14
80,0.6,1.0,80,3.0,33638.45,236.38,16.30,38,60.53
80,0.6,1.0,80,3.5,33573.58,235.74,16.30,44,56.82
80,0.6,1.0,100,2.5,28290.43,182.90,16.30,35,57.14
80,0.6,1.0,100,3.0,33638.45,236.38,16.30,38,60.53
80,0.6,1.0,100,3.5,33573.58,235.74,16.30,44,56.82
80,0.6,1.2,60,2.5,26450.24,164.50,18.78,32,43.75
80,0.6,1.2,60,3.0,30921.97,209.22,18.78,35,48.57
80,0.6,1.2,60,3.5,30595.42,205.95,18.78,41,43.90
80,0.6,1.2,80,2.5,26450.24,164.50,18.78,32,43.75
80,0.6,1.2,80,3.0,30921.97,209.22,18.78,35,48.57
80,0.6,1.2,80,3.5,30595.42,205.95,18.78,41,43.90
80,0.6,1.2,100,2.5,26450.24,164.50,18.78,32,43.75
80,0.6,1.2,100,3.0,30921.97,209.22,18.78,35,48.57
80,0.6,1.2,100,3.5,30595.42,205.95,18.78,41,43.90
80,0.6,1.5,60,2.5,29758.88,197.59,19.02,30,40.00
80,0.6,1.5,60,3.0,34822.83,248.23,19.02,33,42.42
80,0.6,1.5,60,3.5,31141.28,211.41,19.02,39,38.46
80,0.6,1.5,80,2.5,29758.88,197.59,19.02,30,40.00
80,0.6,1.5,80,3.0,34822.83,248.23,19.02,33,42.42
80,0.6,1.5,80,3.5,31141.28,211.41,19.02,39,38.46
80,0.6,1.5,100,2.5,29758.88,197.59,19.02,30,40.00
80,0.6,1.5,100,3.0,34822.83,248.23,19.02,33,42.42
80,0.6,1.5,100,3.5,31141.28,211.41,19.02,39,38.46
